﻿<?xml version="1.0" encoding="utf-8"?>
<root>
  <Name>Microsoft® LifeCam Studio(TM)</Name>
  <DevicePath>@device:pnp:\\?\usb#vid_045e&amp;pid_0811&amp;mi_00#6&amp;16cf8e8e&amp;0&amp;0000#{65e8773d-8f56-11d0-a3b9-00a0c9223196}\global</DevicePath>
  <Properties />
  <Property>
    <Name>Focus</Name>
    <Auto>false</Auto>
    <Value>7</Value>
  </Property>
  <Property>
    <Name>Exposure</Name>
    <Auto>false</Auto>
    <Value>-8</Value>
  </Property>
  <Property>
    <Name>Iris</Name>
    <Auto>false</Auto>
    <Value>0</Value>
  </Property>
  <Property>
    <Name>Pan</Name>
    <Auto>false</Auto>
    <Value>-16</Value>
  </Property>
  <Property>
    <Name>Roll</Name>
    <Auto>false</Auto>
    <Value>0</Value>
  </Property>
  <Property>
    <Name>Tilt</Name>
    <Auto>false</Auto>
    <Value>-69</Value>
  </Property>
  <Property>
    <Name>Zoom</Name>
    <Auto>false</Auto>
    <Value>0</Value>
  </Property>
</root>